EmployeeID,Name,Age,Department,Salary
1,John Doe,30,Sales,50000
2,Jane Smith,28,Marketing,52000
3,Bob Johnson,35,Engineering,75000
4,Alice Williams,45,HR,60000
5,Charlie Brown,25,Sales,48000
6,Emily Davis,32,Engineering,70000
7,Frank Miller,38,Marketing,55000
8,Hannah Wilson,29,Sales,49000
9,Ian Martinez,41,Engineering,80000
10,Julia Moore,36,HR,62000
11,Kyle Taylor,27,Marketing,53000
12,Linda Anderson,33,Sales,51000
13,Mike Thomas,31,Engineering,71000
14,Nancy Jackson,40,HR,61000
15,Oscar Lee,26,Sales,47000
16,Pam Harris,34,Engineering,72000
17,Quincy Clark,39,Marketing,54000
18,Rachel Lewis,30,Sales,50000
19,Steve Walker,28,Engineering,73000
20,Tina Hall,37,HR,59000
21,Umar Young,29,Sales,49000
22,Vanessa Allen,42,Engineering,76000
23,Will Wright,35,Marketing,56000
24,Xena King,31,Sales,51000
25,Yara Scott,33,HR,60000
26,Zack Adams,45,Engineering,80000
27,Ann Carter,38,Marketing,55000
28,Ben Green,25,Sales,48000
29,Chloe Brooks,32,Engineering,70000
30,Dave Morgan,28,HR,62000
31,Ella Rogers,27,Sales,47000
32,Fred Parker,36,Marketing,53000
33,Grace Evans,30,Engineering,74000
34,Hugo Foster,31,HR,60000
35,Ivy Perez,40,Sales,49000
36,Jack Russell,26,Engineering,72000
37,Kimberly Diaz,34,Marketing,55000
38,Leo Simmons,29,HR,61000
39,Mia Torres,39,Sales,50000
40,Nolan Hayes,35,Engineering,75000
41,Olivia Price,41,Marketing,56000
42,Pete Hughes,30,HR,62000
43,Quinn Bennett,27,Sales,48000
44,Ruby Phillips,36,Engineering,71000
45,Seth Coleman,28,Marketing,54000
46,Tina Collins,33,Sales,50000
47,Uma Rogers,40,HR,60000
48,Vic Cooper,31,Engineering,73000
49,Wendy Morris,29,Marketing,53000
50,Xander Watson,38,Sales,49000